"","Subject","task","folder","trialtype","ACC.ser","ACC.item","ACC.possible","ACC.blank","ACC.seqerr","ACC.transdist","ACC.transerr","ACC.pli","ACC.order"
"1","1","R.pool350","E9pool","D",0.777777777777778,0.796296296296296,1,0.166666666666667,0.0185185185185185,NA,NA,0.0185185185185185,0.976744186046512
"2","1","R.pool350","E9pool","S",0.888888888888889,0.888888888888889,1,0.111111111111111,0,NA,NA,0,1
"3","1","R.scramb","E7","D",0.462962962962963,0.62962962962963,1,0.296296296296296,0.166666666666667,NA,NA,0.0185185185185185,0.735294117647059
"4","1","R.scramb","E7","S",0.62962962962963,0.777777777777778,1,0.185185185185185,0.148148148148148,NA,NA,0,0.80952380952381
"5","2","R.pool350","E9pool","D",0.203703703703704,0.407407407407407,1,0.444444444444444,0.203703703703704,NA,NA,0.037037037037037,0.5
"6","2","R.pool350","E9pool","S",0.5,0.722222222222222,1,0.240740740740741,0.222222222222222,NA,NA,0,0.692307692307692
"7","3","Ospan.reg","E4","D",0.407407407407407,0.62962962962963,1,0.314814814814815,0.222222222222222,NA,NA,0.0555555555555556,0.647058823529412
"8","3","Ospan.reg","E4","S",0.388888888888889,0.666666666666667,1,0.314814814814815,0.277777777777778,NA,NA,0,0.583333333333333
"9","3","R.pool350","E9pool","D",0.222222222222222,0.351851851851852,1,0.574074074074074,0.12962962962963,NA,NA,0.037037037037037,0.631578947368421
"10","3","R.pool350","E9pool","S",0.388888888888889,0.62962962962963,1,0.37037037037037,0.240740740740741,NA,NA,0,0.617647058823529
"11","4","Ospan.reg","E4","D",0.277777777777778,0.481481481481481,1,0.444444444444444,0.203703703703704,NA,NA,0.0555555555555556,0.576923076923077
"12","4","Ospan.reg","E4","S",0.351851851851852,0.537037037037037,1,0.462962962962963,0.185185185185185,NA,NA,0,0.655172413793103
"13","4","R.pool350","E9pool","D",0.351851851851852,0.444444444444444,1,0.462962962962963,0.0925925925925926,NA,NA,0.0185185185185185,0.791666666666667
"14","4","R.pool350","E9pool","S",0.407407407407407,0.537037037037037,1,0.444444444444444,0.12962962962963,NA,NA,0,0.758620689655172
"15","5","Ospan.reg","E4","D",0.740740740740741,0.851851851851852,1,0.148148148148148,0.111111111111111,NA,NA,0,0.869565217391304
"16","5","Ospan.reg","E4","S",0.611111111111111,0.759259259259259,1,0.240740740740741,0.148148148148148,NA,NA,0,0.804878048780488
"17","5","R.pool350","E9pool","D",0.537037037037037,0.740740740740741,1,0.240740740740741,0.203703703703704,NA,NA,0,0.725
"18","5","R.pool350","E9pool","S",0.648148148148148,0.833333333333333,1,0.0555555555555556,0.185185185185185,NA,NA,0,0.777777777777778
"19","6","Ospan.reg","E4","D",0.444444444444444,0.666666666666667,1,0.333333333333333,0.222222222222222,NA,NA,0,0.666666666666667
"20","6","Ospan.reg","E4","S",0.648148148148148,0.87037037037037,1,0.12962962962963,0.222222222222222,NA,NA,0,0.74468085106383
"21","6","R.pool350","E9pool","D",0.166666666666667,0.481481481481481,1,0.481481481481481,0.314814814814815,NA,NA,0,0.346153846153846
"22","6","R.pool350","E9pool","S",0.333333333333333,0.592592592592593,1,0.333333333333333,0.259259259259259,NA,NA,0,0.5625
"23","7","Ospan.reg","E4","D",0.685185185185185,0.833333333333333,1,0.12962962962963,0.148148148148148,NA,NA,0.0185185185185185,0.822222222222222
"24","7","Ospan.reg","E4","S",0.555555555555556,0.759259259259259,1,0.166666666666667,0.203703703703704,NA,NA,0,0.731707317073171
"25","7","R.pool350","E9pool","D",0.703703703703704,0.740740740740741,1,0.148148148148148,0.037037037037037,NA,NA,0.0185185185185185,0.95
"26","7","R.pool350","E9pool","S",0.814814814814815,0.87037037037037,1,0.111111111111111,0.0555555555555556,NA,NA,0,0.936170212765957
"27","8","Ospan.reg","E4","D",0.314814814814815,0.611111111111111,1,0.333333333333333,0.296296296296296,NA,NA,0.037037037037037,0.515151515151515
"28","8","Ospan.reg","E4","S",0.425925925925926,0.703703703703704,1,0.259259259259259,0.277777777777778,NA,NA,0,0.605263157894737
"29","8","R.pool350","E9pool","D",0.518518518518518,0.555555555555556,1,0.407407407407407,0.037037037037037,NA,NA,0,0.933333333333333
"30","8","R.pool350","E9pool","S",0.611111111111111,0.703703703703704,1,0.277777777777778,0.0925925925925926,NA,NA,0,0.868421052631579
"31","8","Rspan.long","E2","D",0.592592592592593,0.685185185185185,1,0.333333333333333,0.0925925925925926,NA,NA,0,0.864864864864865
"32","8","Rspan.long","E2","S",0.592592592592593,0.759259259259259,1,0.240740740740741,0.166666666666667,NA,NA,0,0.780487804878049
"33","9","Ospan.reg","E4","D",0.666666666666667,0.796296296296296,1,0.185185185185185,0.12962962962963,NA,NA,0,0.837209302325581
"34","9","Ospan.reg","E4","S",0.833333333333333,0.888888888888889,1,0.0740740740740741,0.0555555555555556,NA,NA,0,0.9375
"35","9","R.pool350","E9pool","D",0.648148148148148,0.740740740740741,1,0.259259259259259,0.0925925925925926,NA,NA,0,0.875
"36","9","R.pool350","E9pool","S",0.62962962962963,0.740740740740741,1,0.240740740740741,0.111111111111111,NA,NA,0,0.85
"37","10","R.pool350","E9pool","D",0.777777777777778,0.833333333333333,1,0.12962962962963,0.0555555555555556,NA,NA,0.0185185185185185,0.933333333333333
"38","10","R.pool350","E9pool","S",0.722222222222222,0.796296296296296,1,0.166666666666667,0.0740740740740741,NA,NA,0,0.906976744186047
"39","10","Rspan.long","E2","D",0.351851851851852,0.5,1,0.481481481481481,0.148148148148148,NA,NA,0.0185185185185185,0.703703703703704
"40","10","Rspan.long","E2","S",0.62962962962963,0.703703703703704,1,0.296296296296296,0.0740740740740741,NA,NA,0,0.894736842105263
"41","11","R.pool350","E9pool","D",0.703703703703704,0.722222222222222,1,0.222222222222222,0.0185185185185185,NA,NA,0,0.974358974358974
"42","11","R.pool350","E9pool","S",0.574074074074074,0.703703703703704,1,0.296296296296296,0.12962962962963,NA,NA,0,0.815789473684211
"43","12","Ospan.reg","E4","D",0.574074074074074,0.722222222222222,1,0.222222222222222,0.148148148148148,NA,NA,0.037037037037037,0.794871794871795
"44","12","Ospan.reg","E4","S",0.537037037037037,0.796296296296296,1,0.12962962962963,0.259259259259259,NA,NA,0,0.674418604651163
"45","12","R.pool350","E9pool","D",0.685185185185185,0.777777777777778,1,0.12962962962963,0.0925925925925926,NA,NA,0.0555555555555556,0.880952380952381
"46","12","R.pool350","E9pool","S",0.796296296296296,0.907407407407407,1,0.0740740740740741,0.111111111111111,NA,NA,0,0.877551020408163
"47","12","Rspan.long","E2","D",0.444444444444444,0.555555555555556,1,0.314814814814815,0.111111111111111,NA,NA,0.0925925925925926,0.8
"48","12","Rspan.long","E2","S",0.5,0.740740740740741,1,0.222222222222222,0.240740740740741,NA,NA,0,0.675
"49","13","Ospan.reg","E4","D",0.851851851851852,0.888888888888889,1,0.111111111111111,0.037037037037037,NA,NA,0,0.958333333333333
"50","13","Ospan.reg","E4","S",0.796296296296296,0.888888888888889,1,0.0555555555555556,0.0925925925925926,NA,NA,0,0.895833333333333
"51","13","R.pool350","E9pool","D",0.574074074074074,0.62962962962963,1,0.333333333333333,0.0555555555555556,NA,NA,0,0.911764705882353
"52","13","R.pool350","E9pool","S",0.611111111111111,0.759259259259259,1,0.203703703703704,0.148148148148148,NA,NA,0,0.804878048780488
"53","13","Rspan.short","E2","D",0.222222222222222,0.574074074074074,1,0.388888888888889,0.351851851851852,NA,NA,0,0.387096774193548
"54","13","Rspan.short","E2","S",0.351851851851852,0.685185185185185,1,0.296296296296296,0.333333333333333,NA,NA,0,0.513513513513513
"55","14","Ospan.reg","E4","D",0.703703703703704,0.796296296296296,1,0.111111111111111,0.0925925925925926,NA,NA,0.0925925925925926,0.883720930232558
"56","14","Ospan.reg","E4","S",0.62962962962963,0.777777777777778,1,0.222222222222222,0.148148148148148,NA,NA,0,0.80952380952381
"57","14","R.pool350","E9pool","D",0.851851851851852,0.87037037037037,1,0.0925925925925926,0.0185185185185185,NA,NA,0,0.978723404255319
"58","14","R.pool350","E9pool","S",0.907407407407407,0.944444444444444,1,0.0555555555555556,0.037037037037037,NA,NA,0,0.96078431372549
"59","14","Rspan.long","E2","D",0.518518518518518,0.666666666666667,1,0.222222222222222,0.148148148148148,NA,NA,0.0555555555555556,0.777777777777778
"60","14","Rspan.long","E2","S",0.611111111111111,0.851851851851852,1,0.111111111111111,0.240740740740741,NA,NA,0,0.717391304347826
"61","15","Ospan.reg","E4","D",0.462962962962963,0.62962962962963,1,0.296296296296296,0.166666666666667,NA,NA,0.0555555555555556,0.735294117647059
"62","15","Ospan.reg","E4","S",0.407407407407407,0.722222222222222,1,0.203703703703704,0.314814814814815,NA,NA,0,0.564102564102564
"63","15","Rspan.short","E2","D",0.481481481481481,0.611111111111111,1,0.351851851851852,0.12962962962963,NA,NA,0,0.787878787878788
"64","15","Rspan.short","E2","S",0.555555555555556,0.796296296296296,1,0.185185185185185,0.240740740740741,NA,NA,0,0.697674418604651
"65","16","Ospan.reg","E4","D",0.759259259259259,0.851851851851852,1,0.0740740740740741,0.0925925925925926,NA,NA,0.037037037037037,0.891304347826087
"66","16","Ospan.reg","E4","S",0.555555555555556,0.759259259259259,1,0.12962962962963,0.203703703703704,NA,NA,0,0.731707317073171
"67","16","Rspan.long","E2","D",0.425925925925926,0.611111111111111,1,0.333333333333333,0.185185185185185,NA,NA,0.037037037037037,0.696969696969697
"68","16","Rspan.long","E2","S",0.611111111111111,0.777777777777778,1,0.185185185185185,0.166666666666667,NA,NA,0,0.785714285714286
"69","17","Ospan.reg","E4","D",0.425925925925926,0.722222222222222,1,0.277777777777778,0.296296296296296,NA,NA,0,0.58974358974359
"70","17","Ospan.reg","E4","S",0.277777777777778,0.62962962962963,1,0.37037037037037,0.351851851851852,NA,NA,0,0.441176470588235
"71","17","Rspan.short","E2","D",0.240740740740741,0.462962962962963,1,0.518518518518518,0.222222222222222,NA,NA,0,0.52
"72","17","Rspan.short","E2","S",0.296296296296296,0.537037037037037,1,0.444444444444444,0.240740740740741,NA,NA,0,0.551724137931034
"73","17","R.pool10","E9poolb","D",0.185185185185185,0.351851851851852,1,0.37037037037037,0.166666666666667,NA,NA,0.0740740740740741,0.526315789473684
"74","17","R.pool10","E9poolb","S",0.407407407407407,0.648148148148148,1,0.203703703703704,0.240740740740741,NA,NA,0.0185185185185185,0.628571428571429
"75","18","Ospan.reg","E4","D",0.740740740740741,0.814814814814815,1,0.166666666666667,0.0740740740740741,NA,NA,0.0185185185185185,0.909090909090909
"76","18","Ospan.reg","E4","S",0.62962962962963,0.740740740740741,1,0.240740740740741,0.111111111111111,NA,NA,0,0.85
"77","18","Rspan.long","E2","D",0.611111111111111,0.722222222222222,1,0.203703703703704,0.111111111111111,NA,NA,0,0.846153846153846
"78","18","Rspan.long","E2","S",0.518518518518518,0.833333333333333,1,0.148148148148148,0.314814814814815,NA,NA,0,0.622222222222222
"79","18","R.pool10","E9poolb","D",0.277777777777778,0.685185185185185,1,0.240740740740741,0.407407407407407,NA,NA,0.0185185185185185,0.405405405405405
"80","18","R.pool10","E9poolb","S",0.5,0.759259259259259,1,0.166666666666667,0.259259259259259,NA,NA,0,0.658536585365854
"81","19","Ospan.reg","E4","D",0.333333333333333,0.462962962962963,1,0.5,0.12962962962963,NA,NA,0,0.72
"82","19","Ospan.reg","E4","S",0.296296296296296,0.444444444444444,1,0.555555555555556,0.148148148148148,NA,NA,0,0.666666666666667
"83","19","Rspan.short","E2","D",0.37037037037037,0.574074074074074,1,0.407407407407407,0.203703703703704,NA,NA,0.0185185185185185,0.645161290322581
"84","19","Rspan.short","E2","S",0.462962962962963,0.685185185185185,1,0.314814814814815,0.222222222222222,NA,NA,0,0.675675675675676
"85","19","R.pool30","E9poolb","D",0.555555555555556,0.611111111111111,1,0.351851851851852,0.0555555555555556,NA,NA,0.0185185185185185,0.909090909090909
"86","19","R.pool30","E9poolb","S",0.722222222222222,0.796296296296296,1,0.185185185185185,0.0740740740740741,NA,NA,0,0.906976744186047
"87","20","Ospan.reg","E4","D",0.425925925925926,0.574074074074074,1,0.407407407407407,0.148148148148148,NA,NA,0.0185185185185185,0.741935483870968
"88","20","Ospan.reg","E4","S",0.574074074074074,0.685185185185185,1,0.203703703703704,0.111111111111111,NA,NA,0,0.837837837837838
"89","20","Rspan.long","E2","D",0.5,0.648148148148148,1,0.314814814814815,0.148148148148148,NA,NA,0,0.771428571428571
"90","20","Rspan.long","E2","S",0.5,0.666666666666667,1,0.314814814814815,0.166666666666667,NA,NA,0,0.75
"91","20","R.pool30","E9poolb","D",0.203703703703704,0.333333333333333,1,0.611111111111111,0.12962962962963,NA,NA,0,0.611111111111111
"92","20","R.pool30","E9poolb","S",0.240740740740741,0.407407407407407,1,0.555555555555556,0.166666666666667,NA,NA,0,0.590909090909091
"93","21","Rspan.short","E2","D",0.537037037037037,0.592592592592593,1,0.388888888888889,0.0555555555555556,NA,NA,0,0.90625
"94","21","Rspan.short","E2","S",0.574074074074074,0.648148148148148,1,0.351851851851852,0.0740740740740741,NA,NA,0,0.885714285714286
"95","21","R.pool30","E9poolb","D",0.462962962962963,0.555555555555556,1,0.425925925925926,0.0925925925925926,NA,NA,0,0.833333333333333
"96","21","R.pool30","E9poolb","S",0.574074074074074,0.648148148148148,1,0.333333333333333,0.0740740740740741,NA,NA,0,0.885714285714286
"97","22","Rspan.long","E2","D",0.333333333333333,0.481481481481481,1,0.407407407407407,0.148148148148148,NA,NA,0.0185185185185185,0.692307692307692
"98","22","Rspan.long","E2","S",0.37037037037037,0.537037037037037,1,0.407407407407407,0.166666666666667,NA,NA,0,0.689655172413793
"99","23","Rspan.short","E2","D",0.351851851851852,0.481481481481481,1,0.37037037037037,0.12962962962963,NA,NA,0.0555555555555556,0.730769230769231
"100","23","Rspan.short","E2","S",0.518518518518518,0.685185185185185,1,0.203703703703704,0.166666666666667,NA,NA,0,0.756756756756757
"101","24","Rspan.long","E2","D",0.703703703703704,0.759259259259259,1,0.166666666666667,0.0555555555555556,NA,NA,0,0.926829268292683
"102","24","Rspan.long","E2","S",0.740740740740741,0.87037037037037,1,0.0925925925925926,0.12962962962963,NA,NA,0,0.851063829787234
"103","24","R.pool15","E9poolb","D",0.425925925925926,0.722222222222222,1,0.240740740740741,0.296296296296296,NA,NA,0,0.58974358974359
"104","24","R.pool15","E9poolb","S",0.555555555555556,0.777777777777778,1,0.222222222222222,0.222222222222222,NA,NA,0,0.714285714285714
"105","25","Ospan.reg","E4","D",0.37037037037037,0.592592592592593,1,0.407407407407407,0.222222222222222,NA,NA,0.0185185185185185,0.625
"106","25","Ospan.reg","E4","S",0.277777777777778,0.685185185185185,1,0.296296296296296,0.407407407407407,NA,NA,0,0.405405405405405
"107","25","Rspan.short","E2","D",0.888888888888889,0.925925925925926,1,0.0740740740740741,0.037037037037037,NA,NA,0,0.96
"108","25","Rspan.short","E2","S",0.888888888888889,0.907407407407407,1,0.0925925925925926,0.0185185185185185,NA,NA,0,0.979591836734694
"109","25","R.pool60","E9poolb","D",0.62962962962963,0.759259259259259,1,0.166666666666667,0.12962962962963,NA,NA,0.037037037037037,0.829268292682927
"110","25","R.pool60","E9poolb","S",0.648148148148148,0.87037037037037,1,0.111111111111111,0.222222222222222,NA,NA,0,0.74468085106383
"111","26","Ospan.reg","E4","D",0.685185185185185,0.851851851851852,1,0.148148148148148,0.166666666666667,NA,NA,0,0.804347826086957
"112","26","Ospan.reg","E4","S",0.5,0.740740740740741,1,0.259259259259259,0.240740740740741,NA,NA,0,0.675
"113","26","Rspan.long","E2","D",0.703703703703704,0.777777777777778,1,0.203703703703704,0.0740740740740741,NA,NA,0.0185185185185185,0.904761904761905
"114","26","Rspan.long","E2","S",0.648148148148148,0.814814814814815,1,0.12962962962963,0.166666666666667,NA,NA,0,0.795454545454546
"115","27","Rspan.short","E2","D",0.407407407407407,0.592592592592593,1,0.425925925925926,0.185185185185185,NA,NA,0,0.6875
"116","27","Rspan.short","E2","S",0.518518518518518,0.685185185185185,1,0.277777777777778,0.166666666666667,NA,NA,0,0.756756756756757
"117","27","R.pool10","E9poolb","D",0.537037037037037,0.648148148148148,1,0.314814814814815,0.111111111111111,NA,NA,0.037037037037037,0.828571428571429
"118","27","R.pool10","E9poolb","S",0.648148148148148,0.777777777777778,1,0.222222222222222,0.12962962962963,NA,NA,0,0.833333333333333
"119","28","Rspan.long","E2","D",0.277777777777778,0.462962962962963,1,0.555555555555556,0.185185185185185,NA,NA,0,0.6
"120","28","Rspan.long","E2","S",0.444444444444444,0.592592592592593,1,0.425925925925926,0.148148148148148,NA,NA,0,0.75
"121","28","R.pool30","E9poolb","D",0.611111111111111,0.62962962962963,1,0.351851851851852,0.0185185185185185,NA,NA,0,0.970588235294118
"122","28","R.pool30","E9poolb","S",0.666666666666667,0.777777777777778,1,0.203703703703704,0.111111111111111,NA,NA,0,0.857142857142857
"123","29","Rspan.short","E2","D",0.796296296296296,0.851851851851852,1,0.0925925925925926,0.0555555555555556,NA,NA,0.0185185185185185,0.934782608695652
"124","29","Rspan.short","E2","S",0.814814814814815,0.87037037037037,1,0.111111111111111,0.0555555555555556,NA,NA,0,0.936170212765957
"125","29","R.pool15","E9poolb","D",0.333333333333333,0.462962962962963,1,0.444444444444444,0.12962962962963,NA,NA,0.0185185185185185,0.72
"126","29","R.pool15","E9poolb","S",0.62962962962963,0.740740740740741,1,0.166666666666667,0.111111111111111,NA,NA,0,0.85
"127","30","Rspan.long","E2","D",0.685185185185185,0.796296296296296,1,0.185185185185185,0.111111111111111,NA,NA,0,0.86046511627907
"128","30","Rspan.long","E2","S",0.722222222222222,0.777777777777778,1,0.12962962962963,0.0555555555555556,NA,NA,0,0.928571428571428
"129","30","R.pool15","E9poolb","D",0.407407407407407,0.5,1,0.462962962962963,0.0925925925925926,NA,NA,0.0185185185185185,0.814814814814815
"130","30","R.pool15","E9poolb","S",0.481481481481481,0.685185185185185,1,0.296296296296296,0.203703703703704,NA,NA,0.0185185185185185,0.702702702702703
"131","31","Rspan.short","E2","D",0.351851851851852,0.481481481481481,1,0.462962962962963,0.12962962962963,NA,NA,0.0185185185185185,0.730769230769231
"132","31","Rspan.short","E2","S",0.518518518518518,0.703703703703704,1,0.277777777777778,0.185185185185185,NA,NA,0,0.736842105263158
"133","31","R.pool10","E9poolb","D",0.388888888888889,0.592592592592593,1,0.333333333333333,0.203703703703704,NA,NA,0.0185185185185185,0.65625
"134","31","R.pool10","E9poolb","S",0.444444444444444,0.648148148148148,1,0.277777777777778,0.203703703703704,NA,NA,0,0.685714285714286
"135","32","Rspan.long","E2","D",0.555555555555556,0.574074074074074,1,0.407407407407407,0.0185185185185185,NA,NA,0.0185185185185185,0.967741935483871
"136","32","Rspan.long","E2","S",0.740740740740741,0.87037037037037,1,0.148148148148148,0.12962962962963,NA,NA,0,0.851063829787234
"137","33","Rspan.short","E2","D",0.314814814814815,0.462962962962963,1,0.574074074074074,0.148148148148148,NA,NA,0,0.68
"138","33","Rspan.short","E2","S",0.444444444444444,0.537037037037037,1,0.444444444444444,0.0925925925925926,NA,NA,0,0.827586206896552
"139","33","R.pool60","E9poolb","D",0.833333333333333,0.833333333333333,1,0.148148148148148,0,NA,NA,0,1
"140","33","R.pool60","E9poolb","S",0.87037037037037,0.907407407407407,1,0.0925925925925926,0.037037037037037,NA,NA,0,0.959183673469388
"141","34","Rspan.long","E2","D",0.703703703703704,0.759259259259259,1,0.240740740740741,0.0555555555555556,NA,NA,0,0.926829268292683
"142","34","Rspan.long","E2","S",0.444444444444444,0.555555555555556,1,0.407407407407407,0.111111111111111,NA,NA,0,0.8
"143","34","R.pool10","E9poolb","D",0.703703703703704,0.796296296296296,1,0.12962962962963,0.0925925925925926,NA,NA,0,0.883720930232558
"144","34","R.pool10","E9poolb","S",0.833333333333333,0.888888888888889,1,0.037037037037037,0.0555555555555556,NA,NA,0.0185185185185185,0.9375
"145","35","Rspan.short","E2","D",0.185185185185185,0.425925925925926,1,0.555555555555556,0.240740740740741,NA,NA,0.0185185185185185,0.434782608695652
"146","35","Rspan.short","E2","S",0.388888888888889,0.648148148148148,1,0.351851851851852,0.259259259259259,NA,NA,0,0.6
"147","35","R.pool15","E9poolb","D",0.666666666666667,0.833333333333333,1,0.111111111111111,0.166666666666667,NA,NA,0.037037037037037,0.8
"148","35","R.pool15","E9poolb","S",0.740740740740741,0.87037037037037,1,0.0925925925925926,0.12962962962963,NA,NA,0,0.851063829787234
"149","36","Rspan.long","E2","D",0.444444444444444,0.611111111111111,1,0.388888888888889,0.166666666666667,NA,NA,0.0185185185185185,0.727272727272727
"150","36","Rspan.long","E2","S",0.444444444444444,0.648148148148148,1,0.314814814814815,0.203703703703704,NA,NA,0,0.685714285714286
"151","36","R.pool30","E9poolb","D",0.87037037037037,0.907407407407407,1,0.0740740740740741,0.037037037037037,NA,NA,0,0.959183673469388
"152","36","R.pool30","E9poolb","S",0.814814814814815,0.87037037037037,1,0.12962962962963,0.0555555555555556,NA,NA,0,0.936170212765957
"153","37","Rspan.short","E2","D",0.796296296296296,0.796296296296296,1,0.148148148148148,0,NA,NA,0.037037037037037,1
"154","37","Rspan.short","E2","S",0.62962962962963,0.796296296296296,1,0.185185185185185,0.166666666666667,NA,NA,0,0.790697674418605
"155","37","R.pool60","E9poolb","D",0.648148148148148,0.777777777777778,1,0.185185185185185,0.12962962962963,NA,NA,0,0.833333333333333
"156","37","R.pool60","E9poolb","S",0.796296296296296,0.851851851851852,1,0.148148148148148,0.0555555555555556,NA,NA,0,0.934782608695652
"157","38","Rspan.long","E2","D",0.444444444444444,0.574074074074074,1,0.407407407407407,0.12962962962963,NA,NA,0,0.774193548387097
"158","38","Rspan.long","E2","S",0.555555555555556,0.740740740740741,1,0.259259259259259,0.185185185185185,NA,NA,0,0.75
"159","38","R.pool15","E9poolb","D",0.481481481481481,0.592592592592593,1,0.333333333333333,0.111111111111111,NA,NA,0.0555555555555556,0.8125
"160","38","R.pool15","E9poolb","S",0.62962962962963,0.759259259259259,1,0.12962962962963,0.12962962962963,NA,NA,0,0.829268292682927
"161","39","Rspan.short","E2","D",0.574074074074074,0.740740740740741,1,0.203703703703704,0.166666666666667,NA,NA,0.0185185185185185,0.775
"162","39","Rspan.short","E2","S",0.777777777777778,0.814814814814815,1,0.185185185185185,0.037037037037037,NA,NA,0,0.954545454545455
"163","39","R.pool10","E9poolb","D",0.888888888888889,0.907407407407407,1,0.0740740740740741,0.0185185185185185,NA,NA,0.0185185185185185,0.979591836734694
"164","39","R.pool10","E9poolb","S",0.87037037037037,0.907407407407407,1,0.0740740740740741,0.037037037037037,NA,NA,0,0.959183673469388
"165","40","Rspan.long","E2","D",0.351851851851852,0.574074074074074,1,0.314814814814815,0.222222222222222,NA,NA,0.0555555555555556,0.612903225806452
"166","40","Rspan.long","E2","S",0.5,0.703703703703704,1,0.277777777777778,0.203703703703704,NA,NA,0,0.710526315789474
"167","40","R.pool30","E9poolb","D",0.388888888888889,0.555555555555556,1,0.314814814814815,0.166666666666667,NA,NA,0.0555555555555556,0.7
"168","40","R.pool30","E9poolb","S",0.240740740740741,0.666666666666667,1,0.240740740740741,0.425925925925926,NA,NA,0,0.361111111111111
"169","41","Rspan.short","E2","D",0.444444444444444,0.555555555555556,1,0.425925925925926,0.111111111111111,NA,NA,0,0.8
"170","41","Rspan.short","E2","S",0.518518518518518,0.685185185185185,1,0.296296296296296,0.166666666666667,NA,NA,0,0.756756756756757
"171","41","R.pool60","E9poolb","D",0.759259259259259,0.907407407407407,1,0.0925925925925926,0.148148148148148,NA,NA,0,0.836734693877551
"172","41","R.pool60","E9poolb","S",0.833333333333333,0.907407407407407,1,0.0740740740740741,0.0740740740740741,NA,NA,0,0.918367346938776
"173","42","Rspan.long","E2","D",0.407407407407407,0.518518518518518,1,0.425925925925926,0.111111111111111,NA,NA,0.0185185185185185,0.785714285714286
"174","42","Rspan.long","E2","S",0.462962962962963,0.574074074074074,1,0.425925925925926,0.111111111111111,NA,NA,0,0.806451612903226
"175","42","R.pool30","E9poolb","D",0.5,0.666666666666667,1,0.185185185185185,0.166666666666667,NA,NA,0.0185185185185185,0.75
"176","42","R.pool30","E9poolb","S",0.555555555555556,0.796296296296296,1,0.148148148148148,0.240740740740741,NA,NA,0,0.697674418604651
"177","43","Rspan.short","E2","D",0.703703703703704,0.777777777777778,1,0.203703703703704,0.0740740740740741,NA,NA,0,0.904761904761905
"178","43","Rspan.short","E2","S",0.462962962962963,0.703703703703704,1,0.277777777777778,0.240740740740741,NA,NA,0,0.657894736842105
"179","43","R.pool10","E9poolb","D",0.777777777777778,0.777777777777778,1,0.203703703703704,0,NA,NA,0,1
"180","43","R.pool10","E9poolb","S",0.722222222222222,0.814814814814815,1,0.166666666666667,0.0925925925925926,NA,NA,0,0.886363636363636
"181","44","Rspan.long","E2","D",0.425925925925926,0.537037037037037,1,0.37037037037037,0.111111111111111,NA,NA,0.0185185185185185,0.793103448275862
"182","44","Rspan.long","E2","S",0.481481481481481,0.722222222222222,1,0.259259259259259,0.240740740740741,NA,NA,0,0.666666666666667
"183","44","R.pool15","E9poolb","D",0.277777777777778,0.574074074074074,1,0.296296296296296,0.296296296296296,NA,NA,0.0185185185185185,0.483870967741935
"184","44","R.pool15","E9poolb","S",0.407407407407407,0.796296296296296,1,0.185185185185185,0.388888888888889,NA,NA,0,0.511627906976744
"185","45","Rspan.short","E2","D",0.444444444444444,0.518518518518518,1,0.444444444444444,0.0740740740740741,NA,NA,0,0.857142857142857
"186","45","Rspan.short","E2","S",0.62962962962963,0.666666666666667,1,0.314814814814815,0.037037037037037,NA,NA,0,0.944444444444445
"187","46","Rspan.long","E2","D",0.648148148148148,0.777777777777778,1,0.222222222222222,0.12962962962963,NA,NA,0,0.833333333333333
"188","46","Rspan.long","E2","S",0.888888888888889,0.925925925925926,1,0.0555555555555556,0.037037037037037,NA,NA,0,0.96
"189","46","R.pool15","E9poolb","D",0.759259259259259,0.833333333333333,1,0.166666666666667,0.0740740740740741,NA,NA,0,0.911111111111111
"190","46","R.pool15","E9poolb","S",0.907407407407407,0.925925925925926,1,0.0740740740740741,0.0185185185185185,NA,NA,0,0.98
"191","47","Rspan.short","E2","D",0.444444444444444,0.62962962962963,1,0.333333333333333,0.185185185185185,NA,NA,0.037037037037037,0.705882352941176
"192","47","Rspan.short","E2","S",0.444444444444444,0.666666666666667,1,0.296296296296296,0.222222222222222,NA,NA,0,0.666666666666667
"193","47","R.pool60","E9poolb","D",0.611111111111111,0.703703703703704,1,0.277777777777778,0.0925925925925926,NA,NA,0,0.868421052631579
"194","47","R.pool60","E9poolb","S",0.777777777777778,0.833333333333333,1,0.148148148148148,0.0555555555555556,NA,NA,0,0.933333333333333
"195","48","R.pool10","E9poolb","D",0.740740740740741,0.833333333333333,1,0.148148148148148,0.0925925925925926,NA,NA,0.0185185185185185,0.888888888888889
"196","48","R.pool10","E9poolb","S",0.777777777777778,0.833333333333333,1,0.166666666666667,0.0555555555555556,NA,NA,0,0.933333333333333
"197","49","Rspan.short","E2","D",0.351851851851852,0.462962962962963,1,0.462962962962963,0.111111111111111,NA,NA,0.037037037037037,0.76
"198","49","Rspan.short","E2","S",0.537037037037037,0.62962962962963,1,0.333333333333333,0.0925925925925926,NA,NA,0,0.852941176470588
"199","49","R.pool60","E9poolb","D",0.388888888888889,0.592592592592593,1,0.351851851851852,0.203703703703704,NA,NA,0,0.65625
"200","49","R.pool60","E9poolb","S",0.537037037037037,0.648148148148148,1,0.277777777777778,0.111111111111111,NA,NA,0,0.828571428571429
"201","50","R.pool15","E9poolb","D",0.796296296296296,0.814814814814815,1,0.148148148148148,0.0185185185185185,NA,NA,0.0185185185185185,0.977272727272727
"202","50","R.pool15","E9poolb","S",0.740740740740741,0.814814814814815,1,0.148148148148148,0.0740740740740741,NA,NA,0,0.909090909090909
"203","51","Rspan.short","E2","D",0.425925925925926,0.666666666666667,1,0.314814814814815,0.240740740740741,NA,NA,0,0.638888888888889
"204","51","Rspan.short","E2","S",0.722222222222222,0.796296296296296,1,0.203703703703704,0.0740740740740741,NA,NA,0,0.906976744186047
"205","51","R.pool15","E9poolb","D",0.537037037037037,0.759259259259259,1,0.222222222222222,0.222222222222222,NA,NA,0.0185185185185185,0.707317073170732
"206","51","R.pool15","E9poolb","S",0.648148148148148,0.814814814814815,1,0.185185185185185,0.166666666666667,NA,NA,0,0.795454545454546
"207","52","R.pool30","E9poolb","D",0.62962962962963,0.759259259259259,1,0.222222222222222,0.12962962962963,NA,NA,0.0185185185185185,0.829268292682927
"208","52","R.pool30","E9poolb","S",0.574074074074074,0.740740740740741,1,0.240740740740741,0.166666666666667,NA,NA,0,0.775
"209","53","spOspan.noVer","E7","D",0.777777777777778,0.87037037037037,1,0.0925925925925926,0.0925925925925926,NA,NA,0.0185185185185185,0.893617021276596
"210","53","spOspan.noVer","E7","S",0.685185185185185,0.796296296296296,1,0.166666666666667,0.111111111111111,NA,NA,0,0.86046511627907
"211","53","R.pool10","E9poolb","D",0.759259259259259,0.851851851851852,1,0.148148148148148,0.0925925925925926,NA,NA,0,0.891304347826087
"212","53","R.pool10","E9poolb","S",0.722222222222222,0.759259259259259,1,0.240740740740741,0.037037037037037,NA,NA,0,0.951219512195122
"213","54","R.scramb","E7","D",0.777777777777778,0.833333333333333,1,0.166666666666667,0.0555555555555556,NA,NA,0,0.933333333333333
"214","54","R.scramb","E7","S",0.777777777777778,0.851851851851852,1,0.148148148148148,0.0740740740740741,NA,NA,0,0.91304347826087
"215","54","R.pool10","E9poolb","D",0.703703703703704,0.722222222222222,1,0.259259259259259,0.0185185185185185,NA,NA,0.0185185185185185,0.974358974358974
"216","54","R.pool10","E9poolb","S",0.833333333333333,0.888888888888889,1,0.0925925925925926,0.0555555555555556,NA,NA,0,0.9375
"217","55","spOspan.noVer","E7","D",0.740740740740741,0.833333333333333,1,0.148148148148148,0.0925925925925926,NA,NA,0,0.888888888888889
"218","55","spOspan.noVer","E7","S",0.666666666666667,0.777777777777778,1,0.222222222222222,0.111111111111111,NA,NA,0,0.857142857142857
"219","55","R.pool30","E9poolb","D",0.314814814814815,0.388888888888889,1,0.462962962962963,0.0740740740740741,NA,NA,0.037037037037037,0.80952380952381
"220","55","R.pool30","E9poolb","S",0.314814814814815,0.648148148148148,1,0.296296296296296,0.333333333333333,NA,NA,0,0.485714285714286
"221","56","R.pool60","E9poolb","D",0.481481481481481,0.62962962962963,1,0.314814814814815,0.148148148148148,NA,NA,0,0.764705882352941
"222","56","R.pool60","E9poolb","S",0.611111111111111,0.777777777777778,1,0.166666666666667,0.166666666666667,NA,NA,0,0.785714285714286
"223","57","spOspan.noVer","E7","D",0.666666666666667,0.925925925925926,1,0.0555555555555556,0.259259259259259,NA,NA,0,0.72
"224","57","spOspan.noVer","E7","S",0.833333333333333,0.87037037037037,1,0.12962962962963,0.037037037037037,NA,NA,0,0.957446808510638
"225","57","R.pool60","E9poolb","D",0.537037037037037,0.685185185185185,1,0.277777777777778,0.148148148148148,NA,NA,0,0.783783783783784
"226","57","R.pool60","E9poolb","S",0.740740740740741,0.833333333333333,1,0.148148148148148,0.0925925925925926,NA,NA,0,0.888888888888889
"227","58","spOspan.noVer","E7","D",0.740740740740741,0.87037037037037,1,0.111111111111111,0.12962962962963,NA,NA,0.0185185185185185,0.851063829787234
"228","58","spOspan.noVer","E7","S",0.425925925925926,0.740740740740741,1,0.222222222222222,0.314814814814815,NA,NA,0,0.575
"229","58","R.pool10","E9poolb","D",0.5,0.666666666666667,1,0.222222222222222,0.166666666666667,NA,NA,0.0185185185185185,0.75
"230","58","R.pool10","E9poolb","S",0.574074074074074,0.833333333333333,1,0.148148148148148,0.259259259259259,NA,NA,0,0.688888888888889
"231","59","spOspan.noVer","E7","D",0.444444444444444,0.648148148148148,1,0.388888888888889,0.203703703703704,NA,NA,0.0185185185185185,0.685714285714286
"232","59","spOspan.noVer","E7","S",0.666666666666667,0.87037037037037,1,0.12962962962963,0.203703703703704,NA,NA,0,0.765957446808511
"233","59","R.pool30","E9poolb","D",0.259259259259259,0.574074074074074,1,0.37037037037037,0.314814814814815,NA,NA,0,0.451612903225806
"234","59","R.pool30","E9poolb","S",0.222222222222222,0.518518518518518,1,0.407407407407407,0.296296296296296,NA,NA,0,0.428571428571429
"235","60","R.pool10","E9poolb","D",0.444444444444444,0.537037037037037,1,0.407407407407407,0.0925925925925926,NA,NA,0.0185185185185185,0.827586206896552
"236","60","R.pool10","E9poolb","S",0.388888888888889,0.648148148148148,1,0.333333333333333,0.259259259259259,NA,NA,0,0.6
"237","61","R.scramb","E7","D",0.666666666666667,0.87037037037037,1,0.0925925925925926,0.203703703703704,NA,NA,0,0.765957446808511
"238","61","R.scramb","E7","S",0.574074074074074,0.814814814814815,1,0.12962962962963,0.240740740740741,NA,NA,0,0.704545454545455
"239","61","R.pool60","E9poolb","D",0.925925925925926,0.944444444444444,1,0.037037037037037,0.0185185185185185,NA,NA,0,0.980392156862745
"240","61","R.pool60","E9poolb","S",0.944444444444444,0.944444444444444,1,0.0555555555555556,0,NA,NA,0,1
"241","62","R.scramb","E7","D",0.388888888888889,0.518518518518518,1,0.462962962962963,0.12962962962963,NA,NA,0.0185185185185185,0.75
"242","62","R.scramb","E7","S",0.555555555555556,0.703703703703704,1,0.296296296296296,0.148148148148148,NA,NA,0,0.789473684210526
"243","62","R.pool15","E9poolb","D",0.555555555555556,0.62962962962963,1,0.314814814814815,0.0740740740740741,NA,NA,0.037037037037037,0.882352941176471
"244","62","R.pool15","E9poolb","S",0.759259259259259,0.833333333333333,1,0.12962962962963,0.0740740740740741,NA,NA,0.0185185185185185,0.911111111111111
"245","63","Ospan.scram.noVer","E10oscram","D",1,1,1,0,0,NA,NA,0,1
"246","63","Ospan.scram.noVer","E10oscram","S",0.962962962962963,0.981481481481482,1,0.0185185185185185,0.0185185185185185,NA,NA,0,0.981132075471698
"247","63","spOspan.noVer","E7","D",0.851851851851852,0.888888888888889,1,0.0740740740740741,0.037037037037037,NA,NA,0.037037037037037,0.958333333333333
"248","63","spOspan.noVer","E7","S",0.648148148148148,0.851851851851852,1,0.111111111111111,0.203703703703704,NA,NA,0,0.760869565217391
"249","63","R.pool30","E9poolb","D",0.796296296296296,0.814814814814815,1,0.185185185185185,0.0185185185185185,NA,NA,0,0.977272727272727
"250","63","R.pool30","E9poolb","S",0.981481481481482,0.981481481481482,1,0.0185185185185185,0,NA,NA,0,1
"251","64","Ospan.scram.noVer","E10oscram","D",0.5,0.537037037037037,1,0.407407407407407,0.037037037037037,NA,NA,0.037037037037037,0.931034482758621
"252","64","Ospan.scram.noVer","E10oscram","S",0.666666666666667,0.740740740740741,1,0.240740740740741,0.0740740740740741,NA,NA,0,0.9
"253","64","spOspan.noVer","E7","D",0.518518518518518,0.62962962962963,1,0.314814814814815,0.111111111111111,NA,NA,0,0.823529411764706
"254","64","spOspan.noVer","E7","S",0.666666666666667,0.833333333333333,1,0.166666666666667,0.166666666666667,NA,NA,0,0.8
"255","65","Ospan.scram.noVer","E10oscram","D",0.592592592592593,0.851851851851852,1,0.148148148148148,0.259259259259259,NA,NA,0,0.695652173913043
"256","65","Ospan.scram.noVer","E10oscram","S",0.722222222222222,0.87037037037037,1,0.111111111111111,0.148148148148148,NA,NA,0,0.829787234042553
"257","66","Ospan.scram.noVer","E10oscram","D",0.814814814814815,0.888888888888889,1,0.0555555555555556,0.0740740740740741,NA,NA,0.037037037037037,0.916666666666667
"258","66","Ospan.scram.noVer","E10oscram","S",0.703703703703704,0.851851851851852,1,0.12962962962963,0.148148148148148,NA,NA,0,0.826086956521739
"259","66","R.scramb","E7","D",0.462962962962963,0.648148148148148,1,0.277777777777778,0.185185185185185,NA,NA,0.0185185185185185,0.714285714285714
"260","66","R.scramb","E7","S",0.777777777777778,0.833333333333333,1,0.12962962962963,0.0555555555555556,NA,NA,0,0.933333333333333
"261","67","Ospan.scram.noVer","E10oscram","D",0.796296296296296,0.796296296296296,1,0.203703703703704,0,NA,NA,0,1
"262","67","Ospan.scram.noVer","E10oscram","S",0.574074074074074,0.666666666666667,1,0.314814814814815,0.0925925925925926,NA,NA,0,0.861111111111111
"263","67","R.scramb","E7","D",0.444444444444444,0.592592592592593,1,0.388888888888889,0.148148148148148,NA,NA,0.0185185185185185,0.75
"264","67","R.scramb","E7","S",0.796296296296296,0.87037037037037,1,0.12962962962963,0.0740740740740741,NA,NA,0,0.914893617021277
"265","68","Ospan.scram.noVer","E10oscram","D",0.740740740740741,0.796296296296296,1,0.185185185185185,0.0555555555555556,NA,NA,0,0.930232558139535
"266","68","Ospan.scram.noVer","E10oscram","S",0.648148148148148,0.759259259259259,1,0.12962962962963,0.111111111111111,NA,NA,0,0.853658536585366
"267","68","R.scramb","E7","D",0.407407407407407,0.666666666666667,1,0.296296296296296,0.259259259259259,NA,NA,0,0.611111111111111
"268","68","R.scramb","E7","S",0.388888888888889,0.703703703703704,1,0.277777777777778,0.314814814814815,NA,NA,0,0.552631578947368
"269","69","Ospan.scram.noVer","E10oscram","D",0.444444444444444,0.592592592592593,1,0.462962962962963,0.148148148148148,NA,NA,0,0.75
"270","69","Ospan.scram.noVer","E10oscram","S",0.481481481481481,0.62962962962963,1,0.388888888888889,0.148148148148148,NA,NA,0,0.764705882352941
"271","69","spOspan.noVer","E7","D",0.574074074074074,0.648148148148148,1,0.351851851851852,0.0740740740740741,NA,NA,0,0.885714285714286
"272","69","spOspan.noVer","E7","S",0.37037037037037,0.611111111111111,1,0.333333333333333,0.240740740740741,NA,NA,0,0.606060606060606
"273","70","Ospan.scram.noVer","E10oscram","D",0.611111111111111,0.703703703703704,1,0.296296296296296,0.0925925925925926,NA,NA,0,0.868421052631579
"274","70","Ospan.scram.noVer","E10oscram","S",0.444444444444444,0.685185185185185,1,0.314814814814815,0.240740740740741,NA,NA,0,0.648648648648649
"275","70","R.scramb","E7","D",0.277777777777778,0.481481481481481,1,0.37037037037037,0.203703703703704,NA,NA,0.0185185185185185,0.576923076923077
"276","70","R.scramb","E7","S",0.407407407407407,0.666666666666667,1,0.259259259259259,0.259259259259259,NA,NA,0,0.611111111111111
"277","71","Ospan.scram.noVer","E10oscram","D",0.666666666666667,0.759259259259259,1,0.259259259259259,0.0925925925925926,NA,NA,0,0.878048780487805
"278","71","Ospan.scram.noVer","E10oscram","S",0.62962962962963,0.814814814814815,1,0.166666666666667,0.185185185185185,NA,NA,0,0.772727272727273
"279","71","spOspan.noVer","E7","D",0.666666666666667,0.851851851851852,1,0.12962962962963,0.185185185185185,NA,NA,0,0.782608695652174
"280","71","spOspan.noVer","E7","S",0.703703703703704,0.814814814814815,1,0.148148148148148,0.111111111111111,NA,NA,0,0.863636363636364
"281","72","Ospan.scram.noVer","E10oscram","D",0.574074074074074,0.814814814814815,1,0.185185185185185,0.240740740740741,NA,NA,0,0.704545454545455
"282","72","Ospan.scram.noVer","E10oscram","S",0.722222222222222,0.759259259259259,1,0.240740740740741,0.037037037037037,NA,NA,0,0.951219512195122
"283","72","R.scramb","E7","D",0.425925925925926,0.518518518518518,1,0.462962962962963,0.0925925925925926,NA,NA,0.0185185185185185,0.821428571428572
"284","72","R.scramb","E7","S",0.592592592592593,0.759259259259259,1,0.222222222222222,0.166666666666667,NA,NA,0,0.780487804878049
"285","73","Ospan.scram.noVer","E10oscram","D",0.62962962962963,0.814814814814815,1,0.185185185185185,0.185185185185185,NA,NA,0,0.772727272727273
"286","73","Ospan.scram.noVer","E10oscram","S",0.703703703703704,0.87037037037037,1,0.111111111111111,0.166666666666667,NA,NA,0,0.808510638297872
"287","77","Rspan.names.short","E11names","D",0.833333333333333,0.851851851851852,1,0.166666666666667,0.0185185185185185,NA,NA,0,0.978260869565217
"288","77","Rspan.names.short","E11names","S",0.796296296296296,0.851851851851852,1,0.12962962962963,0.0555555555555556,NA,NA,0.0185185185185185,0.934782608695652
"289","78","Rspan.names.short","E11names","D",0.796296296296296,0.87037037037037,1,0.12962962962963,0.0740740740740741,NA,NA,0,0.914893617021277
"290","78","Rspan.names.short","E11names","S",0.759259259259259,0.888888888888889,1,0.0925925925925926,0.12962962962963,NA,NA,0,0.854166666666667
"291","79","Rspan.names.short","E11names","D",0.462962962962963,0.574074074074074,1,0.388888888888889,0.111111111111111,NA,NA,0.0185185185185185,0.806451612903226
"292","79","Rspan.names.short","E11names","S",0.388888888888889,0.703703703703704,1,0.314814814814815,0.314814814814815,NA,NA,0,0.552631578947368
"293","80","Rspan.names.long","E11names","D",0.407407407407407,0.574074074074074,1,0.444444444444444,0.166666666666667,NA,NA,0.0185185185185185,0.709677419354839
"294","80","Rspan.names.long","E11names","S",0.388888888888889,0.611111111111111,1,0.444444444444444,0.222222222222222,NA,NA,0,0.636363636363636
"295","81","Rspan.names.long","E11names","D",0.777777777777778,0.814814814814815,1,0.148148148148148,0.037037037037037,NA,NA,0.0185185185185185,0.954545454545455
"296","81","Rspan.names.long","E11names","S",0.703703703703704,0.814814814814815,1,0.185185185185185,0.111111111111111,NA,NA,0,0.863636363636364
"297","82","Rspan.names.long","E11names","D",0.833333333333333,0.888888888888889,1,0.111111111111111,0.0555555555555556,NA,NA,0,0.9375
"298","82","Rspan.names.long","E11names","S",0.833333333333333,0.851851851851852,1,0.148148148148148,0.0185185185185185,NA,NA,0,0.978260869565217
"299","84","Rspan.names.short","E11names","D",0.740740740740741,0.87037037037037,1,0.111111111111111,0.12962962962963,NA,NA,0,0.851063829787234
"300","84","Rspan.names.short","E11names","S",0.759259259259259,0.814814814814815,1,0.12962962962963,0.0555555555555556,NA,NA,0,0.931818181818182
"301","85","Rspan.names.short","E11names","D",0.703703703703704,0.796296296296296,1,0.166666666666667,0.0925925925925926,NA,NA,0,0.883720930232558
"302","85","Rspan.names.short","E11names","S",0.759259259259259,0.851851851851852,1,0.111111111111111,0.0925925925925926,NA,NA,0,0.891304347826087
"303","85","spOspan.noVer","E7","D",0.722222222222222,0.796296296296296,1,0.166666666666667,0.0740740740740741,NA,NA,0,0.906976744186047
"304","85","spOspan.noVer","E7","S",0.666666666666667,0.851851851851852,1,0.111111111111111,0.185185185185185,NA,NA,0,0.782608695652174
"305","86","R.scramb","E7","D",0.296296296296296,0.425925925925926,1,0.481481481481481,0.12962962962963,NA,NA,0.037037037037037,0.695652173913043
"306","86","R.scramb","E7","S",0.296296296296296,0.537037037037037,1,0.444444444444444,0.240740740740741,NA,NA,0.0185185185185185,0.551724137931034
"307","86","Rspan.names.short","E11names","D",0.925925925925926,0.962962962962963,1,0.037037037037037,0.037037037037037,NA,NA,0,0.961538461538462
"308","86","Rspan.names.short","E11names","S",0.962962962962963,0.962962962962963,1,0.037037037037037,0,NA,NA,0,1
"309","87","Rspan.names.long","E11names","D",0.814814814814815,0.925925925925926,1,0.0555555555555556,0.111111111111111,NA,NA,0,0.88
"310","87","Rspan.names.long","E11names","S",0.944444444444444,0.962962962962963,1,0.0185185185185185,0.0185185185185185,NA,NA,0,0.980769230769231
"311","87","spOspan.noVer","E7","D",0.759259259259259,0.851851851851852,1,0.148148148148148,0.0925925925925926,NA,NA,0,0.891304347826087
"312","87","spOspan.noVer","E7","S",0.722222222222222,0.740740740740741,1,0.185185185185185,0.0185185185185185,NA,NA,0,0.975
"313","88","R.scramb","E7","D",0.277777777777778,0.314814814814815,1,0.685185185185185,0.037037037037037,NA,NA,0,0.882352941176471
"314","88","R.scramb","E7","S",0.462962962962963,0.592592592592593,1,0.407407407407407,0.12962962962963,NA,NA,0,0.78125
"315","88","Rspan.names.short","E11names","D",0.648148148148148,0.851851851851852,1,0.0925925925925926,0.203703703703704,NA,NA,0.0185185185185185,0.760869565217391
"316","88","Rspan.names.short","E11names","S",0.537037037037037,0.759259259259259,1,0.185185185185185,0.222222222222222,NA,NA,0,0.707317073170732
"317","89","Rspan.names.long","E11names","D",0.5,0.574074074074074,1,0.407407407407407,0.0740740740740741,NA,NA,0.0185185185185185,0.870967741935484
"318","89","Rspan.names.long","E11names","S",0.37037037037037,0.666666666666667,1,0.277777777777778,0.296296296296296,NA,NA,0,0.555555555555556
"319","90","Rspan.names.long","E11names","D",0.87037037037037,0.907407407407407,1,0.0925925925925926,0.037037037037037,NA,NA,0,0.959183673469388
"320","90","Rspan.names.long","E11names","S",0.888888888888889,0.925925925925926,1,0.0740740740740741,0.037037037037037,NA,NA,0,0.96
"321","91","Rspan.names.long","E11names","D",0.925925925925926,0.962962962962963,1,0.0555555555555556,0.037037037037037,NA,NA,0,0.961538461538462
"322","91","Rspan.names.long","E11names","S",0.796296296296296,0.907407407407407,1,0.0925925925925926,0.111111111111111,NA,NA,0,0.877551020408163
"323","91","spOspan.noVer","E7","D",0.833333333333333,0.87037037037037,1,0.12962962962963,0.037037037037037,NA,NA,0,0.957446808510638
"324","91","spOspan.noVer","E7","S",0.5,0.703703703703704,1,0.259259259259259,0.203703703703704,NA,NA,0,0.710526315789474
"325","92","R.scramb","E7","D",0.703703703703704,0.777777777777778,1,0.185185185185185,0.0740740740740741,NA,NA,0.0185185185185185,0.904761904761905
"326","92","R.scramb","E7","S",0.944444444444444,0.944444444444444,1,0.0555555555555556,0,NA,NA,0,1
"327","92","Rspan.names.long","E11names","D",1,1,1,0,0,0,0,0,1
"328","92","Rspan.names.long","E11names","S",0.981481481481482,0.981481481481482,1,0.0185185185185185,0,NA,NA,0,1
"329","93","Rspan.names.long","E11names","D",0.425925925925926,0.703703703703704,1,0.259259259259259,0.277777777777778,NA,NA,0,0.605263157894737
"330","93","Rspan.names.long","E11names","S",0.462962962962963,0.722222222222222,1,0.277777777777778,0.259259259259259,NA,NA,0,0.641025641025641
"331","93","spOspan.noVer","E7","D",0.833333333333333,0.907407407407407,1,0.0925925925925926,0.0740740740740741,NA,NA,0,0.918367346938776
"332","93","spOspan.noVer","E7","S",0.944444444444444,0.981481481481482,1,0.0185185185185185,0.037037037037037,NA,NA,0,0.962264150943396
"333","94","R.scramb","E7","D",0.425925925925926,0.555555555555556,1,0.388888888888889,0.12962962962963,NA,NA,0.037037037037037,0.766666666666667
"334","94","R.scramb","E7","S",0.444444444444444,0.722222222222222,1,0.185185185185185,0.277777777777778,NA,NA,0,0.615384615384615
"335","94","Rspan.names.short","E11names","D",0.925925925925926,0.962962962962963,1,0.037037037037037,0.037037037037037,NA,NA,0,0.961538461538462
"336","94","Rspan.names.short","E11names","S",0.740740740740741,0.907407407407407,1,0.0925925925925926,0.166666666666667,NA,NA,0,0.816326530612245
"337","96","R.scramb","E7","D",0.703703703703704,0.722222222222222,1,0.222222222222222,0.0185185185185185,NA,NA,0.037037037037037,0.974358974358974
"338","96","R.scramb","E7","S",0.685185185185185,0.796296296296296,1,0.166666666666667,0.111111111111111,NA,NA,0,0.86046511627907
"339","96","Rspan.names.long","E11names","D",0.574074074074074,0.796296296296296,1,0.203703703703704,0.222222222222222,NA,NA,0,0.72093023255814
"340","96","Rspan.names.long","E11names","S",0.740740740740741,0.87037037037037,1,0.12962962962963,0.12962962962963,NA,NA,0,0.851063829787234
"341","97","R.scramb","E7","D",0.314814814814815,0.481481481481481,1,0.444444444444444,0.166666666666667,NA,NA,0.037037037037037,0.653846153846154
"342","97","R.scramb","E7","S",0.37037037037037,0.62962962962963,1,0.37037037037037,0.259259259259259,NA,NA,0,0.588235294117647
"343","97","Rspan.names.short","E11names","D",0.555555555555556,0.722222222222222,1,0.259259259259259,0.166666666666667,NA,NA,0,0.769230769230769
"344","97","Rspan.names.short","E11names","S",0.685185185185185,0.759259259259259,1,0.203703703703704,0.0740740740740741,NA,NA,0,0.902439024390244
"345","98","Rspan.names.long","E11names","D",0.62962962962963,0.759259259259259,1,0.240740740740741,0.12962962962963,NA,NA,0,0.829268292682927
"346","98","Rspan.names.long","E11names","S",0.592592592592593,0.814814814814815,1,0.111111111111111,0.222222222222222,NA,NA,0,0.727272727272727
"347","99","Rspan.names.short","E11names","D",0.574074074074074,0.703703703703704,1,0.240740740740741,0.12962962962963,NA,NA,0.0185185185185185,0.815789473684211
"348","99","Rspan.names.short","E11names","S",0.518518518518518,0.666666666666667,1,0.277777777777778,0.148148148148148,NA,NA,0,0.777777777777778
"349","100","Rspan.names.long","E11names","D",0.5,0.685185185185185,1,0.314814814814815,0.185185185185185,NA,NA,0,0.72972972972973
"350","100","Rspan.names.long","E11names","S",0.648148148148148,0.703703703703704,1,0.277777777777778,0.0555555555555556,NA,NA,0,0.921052631578947
"351","101","Rspan.names.long","E11names","D",0.648148148148148,0.740740740740741,1,0.222222222222222,0.0925925925925926,NA,NA,0.0185185185185185,0.875
"352","101","Rspan.names.long","E11names","S",0.740740740740741,0.833333333333333,1,0.148148148148148,0.0925925925925926,NA,NA,0,0.888888888888889
"353","102","Rspan.names.long","E11names","D",0.555555555555556,0.62962962962963,1,0.351851851851852,0.0740740740740741,NA,NA,0.0185185185185185,0.882352941176471
"354","102","Rspan.names.long","E11names","S",0.666666666666667,0.777777777777778,1,0.222222222222222,0.111111111111111,NA,NA,0,0.857142857142857
"355","103","Rspan.names.short","E11names","D",0.685185185185185,0.87037037037037,1,0.111111111111111,0.185185185185185,NA,NA,0,0.787234042553192
"356","103","Rspan.names.short","E11names","S",0.62962962962963,0.87037037037037,1,0.12962962962963,0.240740740740741,NA,NA,0,0.723404255319149
"357","104","Rspan.names.long","E11names","D",0.611111111111111,0.703703703703704,1,0.296296296296296,0.0925925925925926,NA,NA,0,0.868421052631579
"358","104","Rspan.names.long","E11names","S",0.796296296296296,0.87037037037037,1,0.12962962962963,0.0740740740740741,NA,NA,0,0.914893617021277
"359","105","Rspan.names.long","E11names","D",0.796296296296296,0.814814814814815,1,0.148148148148148,0.0185185185185185,NA,NA,0.0185185185185185,0.977272727272727
"360","105","Rspan.names.long","E11names","S",0.87037037037037,0.925925925925926,1,0.0925925925925926,0.0555555555555556,NA,NA,0,0.94
"361","105","spOspan.noVer","E7","D",0.62962962962963,0.759259259259259,1,0.185185185185185,0.12962962962963,NA,NA,0.0555555555555556,0.829268292682927
"362","105","spOspan.noVer","E7","S",0.62962962962963,0.796296296296296,1,0.185185185185185,0.166666666666667,NA,NA,0,0.790697674418605
"363","106","Rspan.names.short","E11names","D",0.462962962962963,0.740740740740741,1,0.314814814814815,0.277777777777778,NA,NA,0,0.625
"364","106","Rspan.names.short","E11names","S",0.592592592592593,0.814814814814815,1,0.185185185185185,0.222222222222222,NA,NA,0,0.727272727272727
"365","106","spOspan.noVer","E7","D",0.944444444444444,0.944444444444444,1,0.0185185185185185,0,NA,NA,0,1
"366","106","spOspan.noVer","E7","S",0.87037037037037,0.925925925925926,1,0.037037037037037,0.0555555555555556,NA,NA,0,0.94
"367","107","Rspan.names.short","E11names","D",0.351851851851852,0.555555555555556,1,0.407407407407407,0.203703703703704,NA,NA,0.0185185185185185,0.633333333333333
"368","107","Rspan.names.short","E11names","S",0.314814814814815,0.592592592592593,1,0.407407407407407,0.277777777777778,NA,NA,0,0.53125
"369","108","Rspan.names.short","E11names","D",0.777777777777778,0.851851851851852,1,0.12962962962963,0.0740740740740741,NA,NA,0,0.91304347826087
"370","108","Rspan.names.short","E11names","S",0.87037037037037,0.888888888888889,1,0.0925925925925926,0.0185185185185185,NA,NA,0,0.979166666666667
"371","109","Rspan.names.short","E11names","D",0.518518518518518,0.648148148148148,1,0.277777777777778,0.12962962962963,NA,NA,0,0.8
"372","109","Rspan.names.short","E11names","S",0.62962962962963,0.777777777777778,1,0.222222222222222,0.148148148148148,NA,NA,0,0.80952380952381
"373","109","spOspan.noVer","E7","D",0.925925925925926,0.944444444444444,1,0.0555555555555556,0.0185185185185185,NA,NA,0,0.980392156862745
"374","109","spOspan.noVer","E7","S",0.87037037037037,0.925925925925926,1,0.0555555555555556,0.0555555555555556,NA,NA,0,0.94
"375","110","Rspan.names.short","E11names","D",0.574074074074074,0.666666666666667,1,0.314814814814815,0.0925925925925926,NA,NA,0.0185185185185185,0.861111111111111
"376","110","Rspan.names.short","E11names","S",0.666666666666667,0.777777777777778,1,0.203703703703704,0.111111111111111,NA,NA,0,0.857142857142857
"377","111","Ospan.scram.noVer","E10oscram","D",0.685185185185185,0.759259259259259,1,0.222222222222222,0.0740740740740741,NA,NA,0,0.902439024390244
"378","111","Ospan.scram.noVer","E10oscram","S",0.925925925925926,0.962962962962963,1,0.0185185185185185,0.037037037037037,NA,NA,0,0.961538461538462
"379","111","Rspan.names.long","E11names","D",0.685185185185185,0.814814814814815,1,0.148148148148148,0.12962962962963,NA,NA,0.037037037037037,0.840909090909091
"380","111","Rspan.names.long","E11names","S",0.777777777777778,0.851851851851852,1,0.0740740740740741,0.0740740740740741,NA,NA,0,0.91304347826087
"381","111","spOspan.noVer","E7","D",0.648148148148148,0.814814814814815,1,0.148148148148148,0.166666666666667,NA,NA,0.037037037037037,0.795454545454546
"382","111","spOspan.noVer","E7","S",0.555555555555556,0.759259259259259,1,0.222222222222222,0.203703703703704,NA,NA,0,0.731707317073171
"383","112","R.scramb","E7","D",0.648148148148148,0.685185185185185,1,0.259259259259259,0.037037037037037,NA,NA,0,0.945945945945946
"384","112","R.scramb","E7","S",0.592592592592593,0.777777777777778,1,0.222222222222222,0.185185185185185,NA,NA,0,0.761904761904762
"385","112","Rspan.names.short","E11names","D",0.351851851851852,0.481481481481481,1,0.518518518518518,0.12962962962963,NA,NA,0,0.730769230769231
"386","112","Rspan.names.short","E11names","S",0.555555555555556,0.703703703703704,1,0.296296296296296,0.148148148148148,NA,NA,0,0.789473684210526
"387","114","spOspan.noVer","E7","D",0.62962962962963,0.814814814814815,1,0.185185185185185,0.185185185185185,NA,NA,0,0.772727272727273
"388","114","spOspan.noVer","E7","S",0.574074074074074,0.722222222222222,1,0.277777777777778,0.148148148148148,NA,NA,0,0.794871794871795
"389","201","Ospan.scram.noVer","E10oscram","D",0.407407407407407,0.537037037037037,1,0.444444444444444,0.12962962962963,NA,NA,0.0185185185185185,0.758620689655172
"390","201","Ospan.scram.noVer","E10oscram","S",0.481481481481481,0.740740740740741,1,0.203703703703704,0.259259259259259,NA,NA,0,0.65
"391","202","Ospan.scram.noVer","E10oscram","D",0.796296296296296,0.814814814814815,1,0.166666666666667,0.0185185185185185,NA,NA,0.0185185185185185,0.977272727272727
"392","202","Ospan.scram.noVer","E10oscram","S",0.722222222222222,0.833333333333333,1,0.166666666666667,0.111111111111111,NA,NA,0,0.866666666666667
"393","203","Ospan.scram.noVer","E10oscram","D",0.388888888888889,0.537037037037037,1,0.37037037037037,0.148148148148148,NA,NA,0.0555555555555556,0.724137931034483
"394","203","Ospan.scram.noVer","E10oscram","S",0.259259259259259,0.592592592592593,1,0.314814814814815,0.333333333333333,NA,NA,0,0.4375
"395","204","Ospan.scram.noVer","E10oscram","D",0.981481481481482,0.981481481481482,1,0.0185185185185185,0,NA,NA,0,1
"396","204","Ospan.scram.noVer","E10oscram","S",0.907407407407407,0.944444444444444,1,0.0555555555555556,0.037037037037037,NA,NA,0,0.96078431372549
"397","205","Ospan.scram.noVer","E10oscram","D",0.833333333333333,0.87037037037037,1,0.12962962962963,0.037037037037037,NA,NA,0,0.957446808510638
"398","205","Ospan.scram.noVer","E10oscram","S",0.851851851851852,0.907407407407407,1,0.0925925925925926,0.0555555555555556,NA,NA,0,0.938775510204082
"399","206","Ospan.scram.noVer","E10oscram","D",0.555555555555556,0.740740740740741,1,0.240740740740741,0.185185185185185,NA,NA,0.0185185185185185,0.75
"400","206","Ospan.scram.noVer","E10oscram","S",0.537037037037037,0.759259259259259,1,0.222222222222222,0.222222222222222,NA,NA,0,0.707317073170732
"401","1068","Ospan.scram.noVer","E10oscram","D",0.87037037037037,0.925925925925926,1,0.0740740740740741,0.0555555555555556,NA,NA,0,0.94
"402","1068","Ospan.scram.noVer","E10oscram","S",0.685185185185185,0.759259259259259,1,0.240740740740741,0.0740740740740741,NA,NA,0,0.902439024390244
"403","1069","Ospan.scram.noVer","E10oscram","D",0.851851851851852,0.907407407407407,1,0.0555555555555556,0.0555555555555556,NA,NA,0,0.938775510204082
"404","1069","Ospan.scram.noVer","E10oscram","S",0.888888888888889,0.981481481481482,1,0.0185185185185185,0.0925925925925926,NA,NA,0,0.90566037735849
